user_id,name,email,signup_date
1,Allison Hill,donaldgarcia@example.net,2025-10-06
2,Leslie Johnson,robinsonwilliam@example.org,2025-01-22
3,Matthew Gardner,shaneramirez@example.org,2025-06-25
4,Melissa Peterson,jasongallagher@example.org,2024-01-25
5,Ian Cooper,lindsay78@example.org,2025-10-30
6,Juan Calderon,barbara10@example.net,2024-05-09
7,Victoria Wyatt,jamesshawn@example.com,2024-03-19
8,Daniel Adams,lynchgeorge@example.net,2024-05-22
9,James Mayo,gabriellecameron@example.org,2024-05-09
10,Renee Morales,clarksherri@example.net,2024-07-15
11,Jonathan Wilkerson,ithomas@example.org,2025-06-14
12,Deborah Richards,icox@example.net,2024-12-01
13,Anthony Rodriguez,laurahenderson@example.org,2024-09-07
14,Zachary Rice,frazierdanny@example.net,2025-06-19
15,Martin Rodriguez,amoore@example.net,2025-09-24
16,Valerie Gill,harrellkenneth@example.net,2024-12-12
17,Brittany Farmer,georgetracy@example.org,2025-11-04
18,William Roman,brianhumphrey@example.org,2024-01-19
19,Rose Spence,davidalvarez@example.net,2024-03-21
20,Shane Henderson,sarahcampos@example.net,2024-04-18
21,Jennifer Powers,samuel87@example.org,2024-05-24
22,George Chapman,briannasmith@example.net,2025-03-18
23,Austin Johnson,chad34@example.net,2024-11-25
24,Carlos Walls,esanchez@example.com,2024-04-09
25,Matthew Gomez,uowens@example.org,2025-04-20
26,Maria Brown,lauren13@example.org,2024-04-09
27,Brenda White,ewright@example.com,2025-08-02
28,Krista Williams,novaksara@example.org,2024-03-22
29,John Hancock,martinaaron@example.com,2024-06-06
30,Rachel Mitchell,smoore@example.org,2023-12-29
31,Kimberly Adkins,williamsthomas@example.net,2024-03-15
32,Jordan York,larsonemma@example.org,2024-09-22
33,Steve Sanchez,harveyrobert@example.net,2025-01-26
34,Taylor Harris,john62@example.net,2025-03-29
35,Eugene Walton,smithchristine@example.net,2024-01-30
36,Daniel Baker,nicole35@example.com,2024-03-15
37,Joshua Turner,contrerasangela@example.net,2024-02-02
38,Brandy Wilson,newtoneric@example.com,2025-02-25
39,Grant Watts,william40@example.org,2025-03-20
40,Donald Smith,danagreen@example.net,2024-10-22
41,Jessica Smith,landryhannah@example.org,2025-01-10
42,Jacob Tran,tanderson@example.com,2025-10-12
43,Valerie Williams,jason31@example.com,2025-07-11
44,Shelly Dickson,sarayoung@example.org,2025-07-27
45,Sierra Johnson,kimberly63@example.com,2024-03-16
46,Ashley Brennan,dwalker@example.com,2024-07-08
47,Shelby Walker,raymondramirez@example.org,2025-07-06
48,Martin Ross,sheila14@example.org,2025-02-06
49,Deborah Rodriguez,yreed@example.com,2024-10-17
50,Kayla Cruz,jonathanfletcher@example.org,2024-12-21
51,Kimberly Ball,michaeljones@example.net,2025-10-29
52,Erik Charles,william65@example.com,2025-05-08
53,Cameron Fisher,lbyrd@example.net,2025-01-29
54,Joshua Smith,jason99@example.net,2024-07-21
55,Jeremy Lewis,yleon@example.net,2024-03-24
56,Diane Beck,clarence34@example.org,2025-08-01
57,Alexander Sanchez,xcarr@example.org,2024-11-01
58,Mark Lee,psnyder@example.org,2025-04-06
59,Stephanie Dalton,osbornejeffery@example.net,2024-12-20
60,Justin Lowery,bryantlaurie@example.net,2024-12-30
61,Linda Dodson DVM,jrivas@example.com,2025-10-10
62,Scott Cole,maryramirez@example.net,2024-11-24
63,Denise Jones,jimmy55@example.net,2024-01-15
64,David Benson,calebrussell@example.net,2024-11-09
65,Daniel Fisher,gateskathy@example.com,2024-11-18
66,Guy Molina,vmedina@example.net,2025-07-27
67,Connie Robinson,ytucker@example.com,2025-04-16
68,Jennifer Martin,ncalhoun@example.net,2023-12-04
69,Leslie Alvarado,dayderek@example.com,2024-04-03
70,James Lewis,matthew64@example.com,2024-05-27
71,Julie Curry,cookemichael@example.net,2024-01-06
72,Marissa Webster,jamessmith@example.org,2024-05-17
73,Michael Elliott,stevenscott@example.com,2024-03-23
74,Tracey Higgins,tamirodriguez@example.org,2025-11-04
75,Michael Rubio,mdavid@example.org,2025-02-15
76,Lori Garcia,melissa91@example.net,2025-07-13
77,Joseph Stanley,huntermatthew@example.com,2025-08-13
78,Jeffrey Cox PhD,bzimmerman@example.org,2025-06-05
79,Marie Gilbert,umarshall@example.net,2024-06-09
80,David Michael,nicole37@example.net,2025-03-02
81,Gabrielle Snyder,hunter35@example.com,2024-08-04
82,Kyle Beard,blackjames@example.org,2025-05-26
83,Justin Allen,fbrewer@example.com,2025-07-21
84,Edward Sullivan,kevinperkins@example.com,2025-01-16
85,Jessica Reese,michael74@example.com,2024-05-27
86,Nathan Stewart,jamesrodgers@example.com,2025-05-29
87,Paige Carlson,wallkenneth@example.com,2024-04-01
88,Michael Martinez,mccannangela@example.net,2024-02-20
89,Nicole Garcia,andrewstaylor@example.com,2024-08-04
90,Anthony Everett,ewilson@example.com,2024-11-29
91,Mark Brown,lisaavery@example.org,2024-05-24
92,Phillip Obrien,kimberlyjames@example.com,2024-07-01
93,Wanda Torres,lynchjody@example.org,2025-03-13
94,Matthew Moore,andreamoore@example.com,2024-10-28
95,Julie Johnson,jasmine71@example.net,2024-05-13
96,Rachel Weber,ronaldstephens@example.net,2024-03-08
97,Samantha Jones,lauralarson@example.net,2025-10-29
98,Caleb Barker,gbender@example.net,2024-12-01
99,Kyle Preston,cassandra01@example.org,2025-04-20
100,Laura Sampson,barbara27@example.net,2025-04-03
101,Donald Shea,fwalters@example.org,2024-11-13
102,Gary Santiago,marksteele@example.com,2025-04-11
103,Robin Pierce,qmiller@example.com,2024-02-12
104,Jennifer Robertson,sandovalamy@example.com,2023-12-26
105,Isaiah Avila,nwolf@example.com,2025-01-13
106,Dwayne Gilmore,omartinez@example.net,2025-07-26
107,Christopher Pierce,hdavis@example.com,2024-02-13
108,Brittany Cantu,william46@example.com,2024-11-14
109,Juan Reyes,michellehill@example.com,2024-08-03
110,Katie Hoover,jessica99@example.net,2024-11-28
111,Jill Washington,andrea86@example.com,2025-11-07
112,Colin Terry,xhall@example.com,2023-12-17
113,John Mcintyre,qhughes@example.net,2024-03-11
114,Andrew Shaw MD,sawyerscott@example.net,2025-10-21
115,Nathan Ortiz,charlesharrington@example.com,2024-08-02
116,Jennifer Miller,melissa86@example.com,2025-03-14
117,Olivia Brennan,williamsonjimmy@example.net,2025-10-29
118,Darren Davis,hodgesjane@example.org,2024-10-23
119,Elijah Johnson,laura45@example.com,2024-10-13
120,Joseph Knight,georgemiller@example.com,2025-03-09
121,Kathleen Aguilar,stevenking@example.com,2025-04-14
122,Robert Santana,charleslandry@example.net,2024-07-03
123,Jessica Wright,james67@example.org,2024-05-16
124,Ian Phillips,andrew64@example.org,2025-01-26
125,Paula Beltran,swall@example.org,2025-02-27
126,Colleen Lee,erica21@example.net,2025-03-30
127,Richard Johnson,jessica14@example.com,2025-06-16
128,Curtis Buchanan,alyssa42@example.com,2025-10-23
129,Karen Drake,linda71@example.org,2025-06-21
130,Shannon Ramsey,zcoffey@example.net,2024-08-24
131,James Baker,gibsonemily@example.net,2024-06-04
132,Samantha Bentley,leonardthomas@example.net,2025-09-30
133,Erin Bishop,reidsteven@example.net,2024-07-05
134,Audrey Williams,torrestravis@example.org,2024-05-14
135,Brandy Chavez,umatthews@example.org,2025-10-01
136,Brett Burns,rcrosby@example.org,2025-05-03
137,Jeremy Sampson,cory58@example.net,2024-08-18
138,Donald Donaldson,ndavis@example.net,2025-03-24
139,Alison Buchanan,vanessabuchanan@example.org,2024-01-06
140,Kristen Willis,markhernandez@example.net,2023-11-16
141,William Huerta,lauren10@example.org,2023-11-25
142,Richard Chapman,thompsonbrian@example.net,2024-10-05
143,Nichole Alvarez,william17@example.net,2024-05-04
144,Amanda Logan,stephen00@example.com,2025-09-02
145,Michael Henry,fjones@example.com,2025-02-28
146,Cameron Weber,oscar98@example.com,2024-10-31
147,Jessica Mcguire,farrelldebra@example.net,2025-05-26
148,Jessica Beasley,dmorgan@example.com,2024-10-02
149,Emily Edwards,nicholas27@example.org,2024-01-23
150,Anna Davis,lisa80@example.net,2025-01-23
151,Meagan Jenkins,uparrish@example.org,2024-06-24
152,Heather Lane,ericolson@example.org,2024-08-11
153,Holly Farmer,lindsaybruce@example.net,2025-03-04
154,Kristin Lynch,anthony44@example.com,2024-08-12
155,Sergio Knight,vjones@example.net,2023-12-07
156,Joseph Bennett,xpeterson@example.com,2025-05-27
157,Todd Carlson,moorekaren@example.org,2025-04-20
158,Jeremy Coleman,nperry@example.net,2024-02-10
159,Brian Gregory,trose@example.org,2024-05-03
160,Kyle Smith,sierra24@example.com,2024-07-25
161,Jonathan Jordan,omarpadilla@example.net,2025-01-20
162,Renee Jones,grahamsteve@example.org,2025-09-13
163,Jeffrey Sullivan,zroberts@example.org,2024-07-23
164,Travis Stevens,christopher13@example.com,2025-02-13
165,Blake Harrell,jeffrey21@example.net,2025-03-19
166,Jordan Bullock,michael23@example.org,2024-03-06
167,Christopher Hernandez,thompsonkendra@example.com,2024-11-08
168,Olivia Cole,michelle52@example.com,2024-01-06
169,Mark Hogan,bellcharles@example.com,2024-10-30
170,Jacob Mitchell,gilbertwilliam@example.com,2025-02-06
171,Rebecca Huang,kstout@example.net,2024-04-08
172,John Hernandez,hayeslisa@example.com,2025-05-21
173,Matthew Williams,hritter@example.net,2025-03-01
174,Jake Campbell,rschroeder@example.net,2023-12-24
175,Maria Jones,grantpaul@example.com,2025-05-29
176,Tracey Morrison,mathewaguilar@example.org,2025-10-26
177,Walter Hale,tanderson@example.org,2024-07-11
178,Maria Murphy,elizabethcalderon@example.net,2025-04-29
179,Anna Santiago,andrew42@example.org,2024-08-05
180,Katelyn Perez,ericphillips@example.org,2024-12-12
181,Sandy Stephenson,stanleynancy@example.net,2024-02-23
182,Brittany White,jenniferwilliams@example.com,2025-04-22
183,Tracy Bishop,pyoung@example.com,2025-08-03
184,Stephanie Lee,smurray@example.com,2024-12-08
185,Tracy Montoya,moniquewilliams@example.com,2025-09-22
186,Timothy Dawson,mitchellkathryn@example.com,2024-10-27
187,Brittany Kim,lisawilkerson@example.org,2024-10-01
188,Jonathan Young,brooksanthony@example.org,2025-08-26
189,Gabriela Thomas,mitchellmaria@example.net,2025-08-20
190,Michael West,bullockandrew@example.org,2025-08-23
191,Todd Lynch,srodriguez@example.org,2024-07-04
192,David Fowler,fbrown@example.net,2025-01-03
193,Jose Allen,kellysmith@example.com,2024-05-18
194,Chelsea Barnett,carlos88@example.net,2025-07-16
195,Kristen Myers DDS,qzavala@example.net,2023-11-26
196,Austin Allen,ingramjill@example.com,2024-02-25
197,Joshua Li,mariacohen@example.net,2024-11-19
198,Robin Brown,mjohnson@example.org,2025-07-20
199,Andrew Mahoney,ihays@example.com,2024-05-28
200,Matthew Mitchell,glennmartin@example.org,2025-07-26
